"id","rdio_key","name","echo_nest_id"
3,"r171154","Tortoise","ARUDZ3P1187B9A2E66"
4,"r45038","Descendents","ARANOZN1187B9B373E"
6,"r62","Various Artists","ARAGWS81187FB3F768"
7,"r6988","Berlin","ARYBGMF1187FB4D82C"
9,"r3050432","Sylvan Esso","ARKQYBB13F86D75342"
10,"r85592","Built To Spill","ARIHJ7L1187FB3AA86"
11,"r1326531","Self Defense Family","ARREEML13294027BFF"
13,"r700108","St. Vincent","AR0JBXL1187FB52810"
14,"r88706","Apollonia","AR1DZ4U1187FB589DF"
16,"r4795","Aretha Franklin","AR7BGWD1187FB59CCB"
17,"r261375","Jennifer Lopez","AR7C6G11187B9B4C1E"
18,"r138607","Portishead","ARJVTD81187FB51621"
20,"r5527","Roy Orbison","ARFSZXM1187FB5A941"
21,"r19453","Cannibal Ox","AR78L6W1187FB416F8"
290,"r85612","Björk","ARAOQ5T1187FB435AB"
302,"r11057","Chris Bathgate","AR6CEPX1187FB3AB1D"
354,"r85662","Ariel Pink's Haunted Graffiti","ARII7MH1187FB4F993"
367,"r112318","Matt Redman","AR5BBK81187B990027"
380,"r275848","Devin Townsend Project","ARIXXLC122BCFC957B"
395,"r5952","Donna Summer","ARVU2XO1187B9893DB"
407,"r88414","Flight Of The Conchords","AR1FQLN1187FB3996C"
421,"r82002","Destroyer","ARD4OBE1187B98C304"
434,"r240952","Sammie","AR9BQRE1187B9953E2"
446,"r70835","Count Bass D","ARRRFA71187B98F09B"
460,"r341953","News","ARULA731187FB40238"
474,"r296069","John Bond","ARXKYEN1241B9CD47E"
487,"r69643","Leonard Cohen","ARTQ8QP1187FB3D220"
274,"r179631","Madvillain","AR0Q6XH1187FB3CDE3"
275,"r12910","Charles Aznavour","ARWJAMZ1187B9B32CA"
276,"r139104","Alice In Chains","ARSW5F51187FB4CFC9"
277,"r463451","Josh Joplin Group","ARUEQIJ1187B9AD7AD"
278,"r411879","Lecrae","ARKJBGA1187B9973AF"
279,"r85647","The Incredible String Band","ARD43IF1187FB3B5E3"
280,"r259147","Pat Green","AR8B7SK1187FB5322E"
281,"r89246","Lanterna","AR6PRDC1187B9AE417"
282,"r639645","peixe : avião","ARNAKGX12086C13290"
283,"r86514","Headlights","ARQHNLD1187B9A58D0"
284,"r38016","Pastor Troy","ARABEE51187FB572FE"
285,"r2089298","Jed Madela","ARXPQQK1187FB45C95"
286,"r54676","Billy Joel","ARNYFVH1187B9B6A9E"
287,"r186940","La Roux","ARD6VHG11C8A414FC6"
288,"r28835","Viktor Vaughn","ARGWSIE1187B9B155E"
289,"r174945","Michael Learns To Rock","ARZU6MI1187FB58636"
145,"r101755","Ben Harper","AR0962A1187B9B43E9"
293,"r37770","Charlie Hunter","ARHMYE81187FB52267"
305,"r140592","The Black Keys","ARS8GNX1187B9B5141"
357,"r37530","September","ARNEHRO1187FB4B0C6"
370,"r276","Frank Sinatra","ARTASUV1187B9A2B67"
384,"r552485","Burnt Friedman","AR4JOZW1187FB454A3"
398,"r290639","Soft Machine","ARH74AC1187FB53963"
412,"r85525","New Boyz","AROJHBE123E29C2453"
424,"r293984","Tony! Toni! Toné!","ARNKGA11187FB4C938"
437,"r2318","Johnny Cash","ARH861H1187B9B799E"
450,"r175644","Grandaddy","ARMJ6T21187FB3950E"
463,"r85632","Morphine","ARVHCWL1187B9B8F60"
477,"r87769","Bury Your Dead","ARG9E8O1187B99AB4F"
310,"r50751","Pharoahe Monch","ARXOSRG1187FB4AE0D"
311,"r125412","Deerhoof","ARC51DL1187B9A9FED"
312,"r89449","Band Of Skulls","ARONQXK122BCFC9386"
313,"r57785","Tosca","ARWXBCL1187FB59873"
314,"r192993","George Michael","ARAKARO1187B9A1EB6"
315,"r66515","Biosphere","ARLUY0Z1187FB384D4"
316,"r138654","Ben Folds Five","ARBAN8S1187FB4D22F"
317,"r2280571","Cowboy and Indian","ARAUWLX1187B98BD7F"
318,"r86282","Story Of The Year","ARF6ZTO1187FB3684F"
319,"r18754","The Clientele","ARG2QEC1187B9B7FDB"
320,"r2064815","4th25","ARVUWOK1187B98F5FB"
321,"r139006","The All-American Rejects","ARR1R5V1187FB4D234"
322,"r8788","Freddie Hubbard","ARU1K2U1187FB48529"
291,"r86847","Brian McKnight","ARI10GS1187B99B2BD"
323,"r2586964","The Star Sisters","AR0NP6A1187B9A7620"
324,"r88641","Bright Eyes","ARH0TST1187FB3F8F1"
325,"r211905","Jimmy Needham","ARUKSNL1187FB4C5ED"
326,"r88122","James Carter","AR2G8SU1187FB4A871"
327,"r3390285","Brian Ffar & Daniel Mnookin","ARMKFBL1252CCF954B"
328,"r265144","Jamiroquai","AREK02J1187B98E52F"
329,"r45237","Phoenix","ARYJSHW1187FB407A3"
330,"r151226","John Legend","ARHDI7O1187B9B6850"
331,"r85598","Lynyrd Skynyrd","ARCOBLE1187B9A2446"
332,"r85827","Wilco","AR6SPRZ1187FB4958B"
333,"r141345","Hot Chip","ARWA8AH1187FB3FC84"
334,"r167243","Jodeci","ARR3RE41187FB52D1D"
335,"r1164","Lena Horne","ARCBIJY1187FB597E4"
336,"r239017","Arcade Fire","ARFC93D1187FB49D2E"
337,"r236406","Inhale Exhale","ARNKVGO1187FB47D35"
338,"r373772","Bibio","ARFBUW91187B9A9EFF"
339,"r302359","Diddy - Dirty Money","AREECVY138F8A09AC8"
340,"r108123","Skinny Puppy","ARAXOCH1187B9AD3F3"
341,"r495768","Rains","ARUREGS11C8A4174BD"
342,"r67977","Neil Young","ARWT91C1187B9ACEAA"
343,"r32120","Sean Price","ARWG53T1187FB44281"
344,"r435320","Tripswitch","AR963PF1187B99B81D"
345,"r16821","Kooqla","ARLKJMO122E6447F06"
346,"r6373","Incognito","ARVA5B71187B9A0FCD"
347,"r172972","Röyksopp","ARDA9NZ1187FB3A825"
348,"r351750","Diego Moraes","ARCMGAZ12AF7D8F101"
349,"r697442","Devourment","ARW6YMH1187FB421A7"
350,"r128842","The Beach Boys","AR2DGPY1187FB4CECF"
351,"r154903","Aaliyah","ARDNYW01187FB4D0FB"
352,"r34108","Electric Wizard","ARV5B2D1187FB36ED1"
353,"r8750","Live","ARE2DJ41187B99083E"
355,"r1466661","Eligh & Amp Live","ARZMFLY133C82C884A"
356,"r86710","Vic Chesnutt","AR603HK1187FB3F855"
358,"r213539","Devin Townsend","ARUMLBQ1187FB3EB70"
359,"r26038","Bunny Wailer","ARTIHCD1187FB4FC8D"
361,"r177502","God Dethroned","AR85J8W1187B9AF104"
362,"r296398","Eli Young Band","ARNRA801187FB5587A"
363,"r865014","Tommy Rogers","ARVSEXG1269FCCFF9D"
365,"r545174","Fat Jon","ARYRTTG1187B98D91F"
366,"r15770","Van Morrison","ARNAQSX1187B9ADBE4"
368,"r310416","Charlie Robison","AR5278F1187B9A25C8"
369,"r138625","Foo Fighters","AR6XPWV1187B9ADAEB"
371,"r87737","Every Avenue","AR2M5X21187FB5AFCA"
372,"r174119","Swing Out Sister","ARTN3WC1187FB521BA"
374,"r209174","Necro","ARN653G1187B997B1F"
375,"r85695","Tori Amos","AR4KS8C1187FB4CF3D"
377,"r92729","The Decemberists","ARHWR8B1187FB557D3"
378,"r350973","Selah Sue","ARLUYHU12086C112ED"
379,"r579774","Angus & Julia Stone","ARTUHE91187FB421DA"
381,"r577257","Warhead","ARITJAO1187B9A14DE"
382,"r2319","Ray Charles","AR20CFC1187B98A25D"
383,"r86450","Disturbed","ARLNLD51187B98DEC5"
385,"r87841","Zero 7","ARWMPYS1187B9B4510"
386,"r331740","The KLF","ARAKRUA1187B9B0634"
388,"r920225","Cheval De Frise","ARVZGEJ1187FB446BA"
389,"r1776266","Darren Criss","ARSKQRP12AA0D8EAE6"
390,"r10297","Can","AR94EZ61187B990729"
391,"r106431","Adrianne","ARBMDD91187FB43ED9"
393,"r393719","Bob Marley & The Wailers","ARAZCWP129462A97F1"
394,"r88093","Jolie Holland","ARKG27B1187B99944A"
396,"r4457","Miles Davis","AR7RTGF1187FB38793"
397,"r85092","Arctic Monkeys","ARM0P6Z1187FB4D466"
399,"r1202317","Casey Dienel","AR0HF7P1187FB3A7B1"
400,"r619646","Kendrick Lamar","AREJQVO12C1DF51FFE"
402,"r187221","Wise Guys","ARF3W9S1187B9AE96F"
403,"r81220","Patty Griffin","AR6I54S1187FB48C6B"
405,"r84954","Enya","AREACYD1187FB566DE"
406,"r88993","Sepultura","ARHLT3W1187FB5711F"
408,"r402043","Aesthetic Perfection","ARRTT611187B99D82B"
409,"r89243","Tiny Tim","ARPBNLO1187FB3D52F"
410,"r121905","The Clash","AR13CXU1187B9AD30A"
411,"r23452","Erick Sermon","AROLNOH1187FB39845"
413,"r761264","Tame Impala","ARGWWVA11E2835DEF5"
414,"r32879","Oh No","ARXHFWE1187FB410A9"
416,"r271514","Mumford & Sons","ARJERLY11E2835D7DC"
417,"r215270","Golden Earring","AR7B7S81187FB37F20"
419,"r27280","Lisa Loeb","ARNJ4771187FB58301"
420,"r138882","Iron & Wine","AR4XX0N1187FB45C21"
422,"r4424","Saul Williams","ARIRBKB1187FB56CD0"
423,"r142702","Vince Guaraldi Trio","AROSPS51187B9B481F"
425,"r541577","A Death In The Family","ARQRL941187FB4CC2D"
426,"r1010997","Forever young","AR1VANR1187B9B9ADF"
428,"r50412","7 Seconds","ARQ0B8P1187FB4D58B"
429,"r85806","of Montreal","ARYMCJZ1187FB513DA"
431,"r8239","Elton John","ARTB3OO1187FB49BDA"
432,"r302867","The Psychedelic Furs","ARIMH3L1187B9B9178"
433,"r32967","Green Day","ARV3CRH1187B9A1B21"
490,"r88047","Mitch Hedberg",
491,"r470772","Fun People",
492,"r10963","Merle Haggard",
493,"r188975","Drake",
494,"r184084","Adam Lambert",
495,"r1666230","Psyche Origami",
496,"r87121","Fall Out Boy",
497,"r834002","Bikini Kill",
498,"r138628","Smash Mouth",
499,"r91152","Med",
500,"r139687","Nelly Furtado",
501,"r247030","MGMT",
502,"r86362","Streetlight Manifesto",
503,"r213354","Air",
504,"r167272","Mr. Bungle",
505,"r92577","Modest Mouse",
506,"r39849","Queen",
507,"r1162640","Konzertchor Cantins, Cerchel Musical Dalla Surselva",
508,"r354588","Duke Ellington & Coleman Hawkins",
509,"r189952","Supertramp",
510,"r19690","DJ Screw",
511,"r202242","Black Milk",
512,"r68017","Toby Keith",
513,"r224868","Les Fatals Picards",
514,"r23688","Black",
515,"r88487","Baka Beyond",
516,"r172116","Steve Hillage",
517,"r309953","The Nextmen",
518,"r86051","Joan Osborne",
519,"r86698","Brandy",
520,"r140654","Finger Eleven",
521,"r370674","Straw",
522,"r1347","John Vanderslice",
523,"r86902","The Notorious B.I.G.",
524,"r25366","Lionel Richie",
525,"r178264","Amp Fiddler",
526,"r98507","Alkaline Trio",
527,"r88555","Fruit Bats",
528,"r365388","Julian Austin",
529,"r86272","The Shins",
530,"r47581","DJ Shadow",
531,"r224747","Reba McEntire",
532,"r3974941","Wrooclyn Dodgers",
533,"r86128","Jaheim",
534,"r197039","Roxette",
535,"r56002","Aaron Hall",
536,"r28335","The Toasters",
537,"r86229","Dire Straits",
538,"r1009235","Frank Ocean",
539,"r16728","B.B. King",
540,"r89718","Fleet Foxes",
541,"r26145","Ray Stevens",
542,"r85923","Sonicflood",
543,"r56700","Neko Case",
544,"r7553","Glen Campbell",
545,"r167253","The White Stripes",
546,"r112418","Pat Benatar",
547,"r433812","Netsky",
548,"r85782","The Doors",
549,"r91283","Outkast",
550,"r2097","Art Tatum",
551,"r88740","Califone",
552,"r52486","Daryll-Ann",
553,"r294951","Ismael Serrano",
554,"r84941","Toro Y Moi",
555,"r260875","Vitamin String Quartet",
556,"r139464","Gus Gus",
557,"r273466","MC Solaar",
558,"r88885","Oakley Hall",
559,"r421281","Russian Red",
560,"r294620","Fiona Apple",
561,"r325189","Eagle-Eye Cherry",
562,"r139007","The Who",
563,"r1822841","Deltron 3030",
564,"r97386","Pereza",
565,"r214290","The Bird and the Bee",
566,"r25431","Ne-Yo",
567,"r178749","Cherry Poppin' Daddies",
568,"r61427","Warren G",
569,"r8899","The Cinematics",
570,"r84811","Madonna",
571,"r5332","Napalm Death",
572,"r71294","Robyn",
573,"r174048","John Renbourn",
574,"r141081","Bill Withers",
575,"r287098","Aerosmith",
576,"r20227","Kanye West",
577,"r94444","Art Blakey & The Jazz Messengers",
578,"r94686","Gentle Giant",
579,"r11325","Jan & Dean",
435,"r84808","The Flaming Lips","ARNVCB81187B9ACBDF"
436,"r154990","Will Johnson","ARVS8XD1187B9958E3"
438,"r348202","Know The Score","ARR4NPA1187B995887"
439,"r13096","James Taylor","ARSF0K11187B9AF319"
441,"r86012","Stevie Nicks","ARM96381187B98F770"
443,"r330153","Allison Iraheta","ARACFBH11FED0C4413"
444,"r36160","Tech N9ne","ARGXIE31187FB55B48"
445,"r172363","Calvin Richardson","ARXF8OC1187B9994C1"
447,"r1245","Kathryn Williams","ARCB10N1187B9AEB2F"
448,"r19013","50 Cent","AR23C041187FB4D534"
449,"r258997","Bobby V","ARXQQZZ125FEF32503"
451,"r69552","Stevie Wonder","ARUM60L1187B9A7E1F"
452,"r321889","Pablo Cruise","AR7341N1187FB5B394"
454,"r87275","Escape The Fate","AROSIKT1187B9A4D53"
455,"r26153","Jim Jones","ART62WC1187FB47E80"
456,"r57658","Bobby McFerrin","ARSK10P1187B9B717C"
458,"r776571","The Frogs","ARGJKFU1187B98E6E2"
459,"r85784","Deep Purple","ARXPE8V1187B99AEC9"
461,"r713535","Bad Meets Evil","AR26WWP1187FB5491C"
462,"r550199","I Am Arrows","ARNALPD129F1DDFC4A"
464,"r84913","Cobra Starship","AR1T5VW1187B9B9586"
465,"r91336","Maroon 5","ARF5M7Q1187FB501E8"
467,"r83988","Young MC","ARCC6F01187B9B0C19"
468,"r31451","Le Tigre","ARZPYZ11187FB4938A"
469,"r20354","Bill Evans","ARTLL9E1187FB4436F"
471,"r347512","Propagandhi","AR1SVJX1187FB3A7D9"
472,"r175738","ABBA","ART50HO1187FB4D0ED"
473,"r87324","Aimee Mann","ARR5XTD1187FB3C6BE"
475,"r3717","Bob Marley","ARAZCWP129462A97F1"
476,"r566858","Edie Sedgwick","ARUIO421187B9A2666"
478,"r138899","Vampire Weekend","AR2ZPMX1187FB4E4B6"
479,"r1170104","Josh Woodward","AR13MLG1187B9AF9B2"
480,"r252819","Owl City","AR0WLH6119B8669027"
482,"r93769","Wolfmother","ARDF8K01187FB37200"
483,"r89940","Foals","ARVXV1J1187FB5BF88"
485,"r30690","Phil Collins","AR9W3X91187FB3994C"
486,"r190508","Daft Punk","ARF8HTQ1187B9AE693"
488,"r168074","Ladytron","ARFBTGU1187B9B8395"
489,"r26194","Masta Killa","ARU4FPZ1187B9B78F9"
580,"r86942","Old 97's",
581,"r23798","Living Legends",
582,"r19015","Young Buck",
583,"r772543","Belle and Sebastian",
584,"r1757199","DJ Muggs Vs. Ill Bill",
585,"r96","RZA",
586,"r39730","Muse",
587,"r115855","Mark Eitzel",
588,"r3579","Rjd2",
589,"r183091","Mya",
590,"r649670","Natalie Gardiner",
591,"r20363","The Pharcyde",
592,"r5224","Shit And Shine",
593,"r89020","Jennifer Love Hewitt",
594,"r232323","Beastie Boys",
595,"r210485","Sir Elwoodin Hiljaiset Varit",
596,"r184822","The Summer Set",
597,"r239074","PJ Harvey",
598,"r87605","The Velvet Underground",
599,"r3026367","Ciara",
600,"r232671","Pink Floyd",
601,"r262639","Syntax",
602,"r224341","Alexisonfire",
603,"r37824","The Band",
604,"r170709","Fort Knox Five",
605,"r85862","Bush",
606,"r322721","Dishwalla",
607,"r193753","Lauryn Hill",
608,"r85816","Reel Big Fish",
609,"r32665","Busta Rhymes",
610,"r6134","GZA",
611,"r86647","Warren Zevon",
612,"r32610","Avant",
613,"r6222","The Residents",
614,"r99235","Bonnie Tyler",
615,"r87682","Mayday Parade",
616,"r271","Porcupine Tree",
617,"r122289","Liquid Soul",
618,"r115911","Virgil Shaw",
619,"r326771","Peter Bjorn And John",
620,"r368030","Marc Ullrich",
621,"r6452","Cal Tjader",
622,"r250267","The Police",
623,"r86360","Give Up The Ghost",
624,"r129088","Cake",
625,"r431201","Tobacco",
626,"r50708","Slaughterhouse",
627,"r99292","Taylor Swift",
628,"r8673","Don Diablo",
629,"r101764","Leona Naess",
630,"r399816","Amethystium",
631,"r888559","The Funk Ark",
632,"r139375","Burial",
633,"r43801","The Beautiful Girls",
634,"r57040","DJ Revolution",
635,"r224234","Limp Bizkit",
636,"r85601","Tilly And The Wall",
637,"r2829969","Liquid Soul",
638,"r19780","Less Than Jake",
639,"r87529","The Postal Service",
640,"r91339","Soul Coughing",
641,"r140180","Cauterize",
642,"r85767","Randy Travis",
643,"r95626","Poe",
644,"r326909","Tenacious D",
645,"r115948","The Mountain Goats",
646,"r31054","Sinead O'Connor",
647,"r184130","Justin Bieber",
648,"r9389","Brainticket",
649,"r2120191","Angie Mattson",
650,"r138874","Dave Matthews Band",
651,"r86654","Morcheeba",
652,"r432818","The Left",
653,"r85912","Rain Machine",
654,"r184015","John Mayer",
655,"r4981062","Jay-Z",
656,"r94451","Wild Cherry",
657,"r372365","Jaga Jazzist",
658,"r276866","Jamie Lidell",
659,"r87497","Michael Gordon",
660,"r30643","Paul Simon",
661,"r489908","Fugazi",
662,"r211346","Jennifer Rush",
663,"r141120","Yeah Yeah Yeahs",
664,"r432928","Milk",
665,"r212607","Sade",
666,"r46088","Coldplay",
667,"r1531043","Snoop Dogg",
668,"r139688","Weezer",
669,"r192492","Frank Zappa",
670,"r298798","Jannick Top",
671,"r775560","Squirrel Nut Zippers",
672,"r38842","Black Uhuru",
673,"r25450","T-Pain",
674,"r396228","Edward Sharpe & The Magnetic Zeros",
675,"r90056","Band Of Horses",
676,"r214702","Kiss",
677,"r477561","Kent",
678,"r65899","Alias",
679,"r139040","Lamb",
680,"r485690","People Under The Stairs",
681,"r1247173","Thundercat",
682,"r111545","The Crystal Method",
683,"r329560","Kristy Lee Cook",
684,"r37989","Keyshia Cole",
685,"r400993","The Microphones",
686,"r99379","Brandon Flowers",
687,"r17562","No-Man",
688,"r87612","Univers Zero",
689,"r23394","Magma",
690,"r304448","The Band Perry",
691,"r373098","cLOUDDEAD",
692,"r45848","Daedelus",
693,"r28874","Jeff Beck",
694,"r60469","Bone Thugs-N-Harmony",
695,"r778173","Angus Martin",
696,"r2694520","Maudlin of the Well",
697,"r297955","Alien Ant Farm",
698,"r2385713","Natural Born Easy",
699,"r89367","Gnarls Barkley",
700,"r40320","Caravan",
701,"r4150","Harry Chapin",
702,"r3226094","The Dead Rocks",
703,"r84976","The Cure",
704,"r165947","Metric",
705,"r408680","Mother Mother",
706,"r153762","ThrowBack",
707,"r302230","Black Star",
708,"r93688","Britney Spears",
709,"r467848","Steve Spacek",
710,"r217501","Sierra",
711,"r57649","Mary J. Blige",
712,"r105076","Lightning",
713,"r78020","J Dilla",
714,"r141718","Hanson",
715,"r144361","J.J. Cale",
716,"r88801","The Felice Brothers",
717,"r84946","Devendra Banhart",
718,"r520821","Alli With An I",
719,"r5849","Blondie",
720,"r1727","The Drifters",
721,"r478031","Ultramagnetic MC's",
722,"r85847","Before Their Eyes",
723,"r138931","The Cramps",
724,"r24268","Bob Dylan",
725,"r184837","Eliza Doolittle",
726,"r85976","Tracy Chapman",
727,"r434680","Daughters",
728,"r313675","Salt-N-Pepa",
729,"r257064","Patrick Simmons",
730,"r86035","The Streets",
731,"r86095","A Skylit Drive",
732,"r3614","Redemption",
733,"r1163076","Pacific Blue",
734,"r85470","Red Hot Chili Peppers",
735,"r189375","TobyMac",
736,"r33912","Anne Clark",
737,"r87029","Megadeth",
738,"r78006","Erykah Badu",
739,"r85103","Talking Heads",
740,"r87491","CSS",
741,"r286790","PSK-13",
742,"r880615","Pretty Lights",
743,"r18715","Helloween",
744,"r67394","A Tribe Called Quest",
745,"r87336","Das EFX",
746,"r821737","Marnie Stern",
747,"r8699","Foghat",
748,"r57636","Michael Jackson",
749,"r167964","Carlinhos Felix",
750,"r39052","DMX",
751,"r26138","Pixies",
752,"r2917","In Flames",
753,"r9216","Sadat X",
754,"r227416","Levon Helm",
755,"r92621","Ice Cube",
756,"r34563","Ratt",
757,"r91236","The Killers",
758,"r314921","Curren$y",
759,"r88120","Damien Rice",
760,"r55301","Rufus Wainwright",
761,"r72673","Buraka Som Sistema",
762,"r84959","Atmosphere",
763,"r85689","Violent Femmes",
764,"r71312","Asha Ali",
765,"r329137","Crash Test Dummies",
766,"r330529","Fighting Gravity",
767,"r130511","Trees",
768,"r93229","Buck 65",
769,"r86741","The Offspring",
770,"r45944","Jack Johnson",
771,"r37482","Warrant",
772,"r216861","Vicente Amigo",
773,"r30868","Barbra Streisand",
774,"r104763","Chris Rock",
775,"r323349","32 Leaves",
776,"r415176","Boards Of Canada",
777,"r93934","The Slits",
778,"r19439","Nas",
779,"r40540","Xzibit",
780,"r405985","Salmonella Dub",
781,"r834098","The Lies",
782,"r626363","Shapeshifter",
783,"r78635","Janis Ian",
784,"r27322","Flying Lotus",
785,"r88665","Glenn Jones",
786,"r296455","Hollywood Undead",
787,"r24337","Sly & The Family Stone",
788,"r138949","Travis",
789,"r86872","Carly Simon",
790,"r335152","Tom McRae",
791,"r93173","Nick Drake",
792,"r189666","Ellis",
793,"r195129","Hank Mobley",
794,"r60175","Bruce Springsteen",
795,"r24321","9th Prince",
796,"r328264","Jo Dee Messina",
797,"r298818","Sylvie Vartan",
798,"r4099","Okkervil River",
799,"r266595","Mariana Aydar",
800,"r164724","Jerry Reed",
801,"r141220","Turbonegro",
802,"r766230","Moon Safari",
803,"r433601","tUnE-yArDs",
804,"r89942","XBXRX",
805,"r691796","Shoplifting",
806,"r1154902","PyhäkouluOrkesteri",
807,"r2372","Fleetwood Mac",
808,"r295193","Corey Smith",
809,"r146798","Lil Rob",
810,"r372028","Alela Diane",
811,"r360733","Blue Rodeo",
812,"r24848","R. Kelly",
813,"r90132","VAST",
814,"r854785","A Wilhelm Scream",
815,"r28156","Cradle Of Filth",
816,"r140247","Bran Van 3000",
817,"r540187","Kelli Ali",
818,"r65750","Dropkick Murphys",
819,"r146907","LMFAO",
820,"r153509","Kid Cudi",
821,"r569341","Pill",
822,"r101857","The Fireflies",
823,"r138978","Pearl Jam",
824,"r130375","Antibalas",
825,"r1773444","J. Cole",
826,"r239355","Grits",
827,"r439415","Danny Norbury",
828,"r140398","Eels",
829,"r16417","The Ventures",
830,"r155860","The Impossibles",
831,"r87609","Elvis Costello",
832,"r143362","Elliott Smith",
833,"r1512999","Girl Talk",
834,"r295086","Chrisette Michele",
835,"r99211","Udo Jürgens",
836,"r844319","Rex Lawson, pianola",
837,"r258828","Bon Jovi",
838,"r361163","Kellermensch",
839,"r145190","Chester French",
840,"r31563","Gaelle",
841,"r51516","Q-Tip",
842,"r2310","Journey",
843,"r141354","Jane Siberry",
844,"r141500","Justin Timberlake",
845,"r30041","Digable Planets",
846,"r28873","Eric Clapton",
847,"r139412","Jimmy Buffett",
848,"r300458","Rahzel",
849,"r15581","Blackfield",
850,"r141351","The Jesus And Mary Chain",
851,"r143407","Back Ted N-Ted",
852,"r2099153","Treelines",
853,"r86029","Eric Benét",
854,"r140602","Nellie McKay",
855,"r139977","Amy Winehouse",
856,"r19793","Tom Waits",
857,"r2273","Pulp",
858,"r55684","Akinyele",
859,"r7584","Hall & Oates",
860,"r144327","Bound Stems",
861,"r138765","Santigold",
862,"r433436","The Black Seeds",
863,"r4066678","Pete Rock & Smif-N-Wessun",
864,"r224754","Thirty Seconds To Mars",
865,"r403240","Dosh",
866,"r141287","Grizzly Bear",
867,"r720592","Kliment",
868,"r1524205","Yargos",
869,"r60710","D'Angelo",
870,"r348156","Sunn O)))",
871,"r143358","Uncle Tupelo",
872,"r210412","Freddie Wadling",
873,"r86739","Wiz Khalifa",
874,"r277984","Jon McLaughlin",
875,"r87649","Nine",
876,"r86197","All Time Low",
877,"r90042","The Raconteurs",
878,"r466","Billie Holiday",
879,"r858766","Icona Pop",
880,"r20913","Talib Kweli",
881,"r96664","Incubus",
882,"r585961","Regurgitator",
883,"r2157126","Atoms For Peace",
884,"r82196","Green Carnation",
885,"r138872","The Rolling Stones",
886,"r761074","Amps For Christ",
887,"r30587","Compay Segundo",
888,"r775140","Q and Not U",
889,"r35027","Public Enemy",
890,"r80012","The Books",
891,"r141962","Kid Loco",
892,"r786522","Circulation",
893,"r84855","Phish",
894,"r3447205","Hillsong United",
895,"r87451","Civet",
896,"r262388","Sparta",
897,"r320004","Nerina Pallot",
898,"r435997","We Were Promised Jetpacks",
899,"r387729","Salt",
900,"r86551","Rancid",
901,"r188837","Alison Moyet",
902,"r1896477","Mellow Candle",
903,"r65514","The Pogues",
904,"r84832","Ricardo Arjona",
905,"r3569537","Antony and the Johnsons",
906,"r547857","People Like Us",
907,"r87225","Peabo Bryson",
908,"r86650","Depeche Mode",
909,"r86270","Ramones",
910,"r17570","Wu-Tang Clan",
911,"r104490","Grace Jones",
912,"r91322","Jonas Brothers",
913,"r140404","Interpol",
914,"r307773","Erin McKeown",
915,"r86241","Hans Zimmer",
916,"r138889","Sigur Rós",
917,"r185682","Maxwell",
918,"r20209","Three 6 Mafia",
919,"r92438","The Go! Team",
920,"r132946","Tom Lehrer",
921,"r23121","Love",
922,"r84967","Kyuss",
923,"r170683","Andrew Bird",
924,"r212802","Manafest",
925,"r962527","Random Axe",
926,"r233566","Alexz Johnson",
927,"r66634","Luther Vandross",
928,"r176439","Gerard Lesne",
929,"r89476","Sufjan Stevens",
930,"r213810","Daughtry",
931,"r124543","Eagles",
932,"r222500","O.G.C.",
933,"r294953","Counting Crows",
934,"r138768","The Black Crowes",
935,"r294652","Dave Hollister",
936,"r140429","The Kooks",
937,"r24472","Vast Aire",
938,"r430940","Charlottefield",
939,"r84841","Jason Mraz",
940,"r89598","Daniel Johnston",
941,"r70121","David Bowie",
942,"r266554","Hadouken!",
943,"r24855","Robin Thicke",
944,"r71073","Gravediggaz",
945,"r155942","Jethro Tull",
946,"r93238","August Burns Red",
947,"r276934","Sum 41",
948,"r84886","The Distillers",
949,"r64133","Tinie Tempah",
950,"r116141","Late Night Alumni",
951,"r68403","Dr. Dre",
952,"r80415","Anna Oxygen",
953,"r298170","Wang Chung",
954,"r90216","The Smiths",
955,"r7472","Aaron Neville",
956,"r57613","Black Rob",
957,"r44778","Donald Byrd",
958,"r8223","The Meters",
959,"r1300","Sarah Vaughan",
960,"r224537","Garbage",
961,"r155210","Black Kids",
962,"r38431","Grand National",
963,"r139575","Dashboard Confessional",
964,"r86228","The Aluminum Group",
965,"r13013","Ambulance LTD",
966,"r84837","Natalie Merchant",
967,"r1129851","!!!",
968,"r34707","JOELL ORTIZ",
969,"r69138","Swollen Members",
970,"r85569","Smif-n-Wessun",
971,"r74824","Nitin Sawhney",
972,"r271773","Lee Ann Womack",
973,"r34814","Faust",
974,"r248612","Great Big Sea",
975,"r85715","Nappy Roots",
976,"r1873765","THEESatisfaction",
977,"r55048","Ani DiFranco",
978,"r38503","Klaus Schulze",
979,"r94413","Captain Sensible",
980,"r5056","Santana",
981,"r89297","Metallica",
982,"r126973","Sarah McLachlan",
983,"r718819","Ford & Fitzroy",
984,"r91327","M.I.A.",
985,"r140","Heaven Shall Burn",
986,"r183819","Babyface",
987,"r144357","Ume",
988,"r91342","The Rentals",
989,"r5466","Vanilla Fudge",
990,"r63735","Mariah Carey",
991,"r137227","Parliament",
992,"r28273","Kool Keith",
993,"r178304","As I Lay Dying",
994,"r164505","Reckless Kelly",
995,"r41148","Ney Matogrosso",
996,"r5086","Wes Montgomery",
997,"r1469","The Dirtbombs",
998,"r253489","Boyz II Men",
999,"r216622","Rascal Flatts",
1000,"r1583","Nat King Cole",
1001,"r32819","Afu-Ra",
1002,"r1866442","The Rumour Said Fire",
1003,"r86836","Doveman",
1004,"r190886","Roberto Carlos",
1005,"r117863","A",
1006,"r28862","Mickey Avalon",
1007,"r87210","Simon & Garfunkel",
1008,"r63158","Ryan Adams",
1009,"r172171","The Foreign Exchange",
1010,"r13086","Yes",
1011,"r327871","Lit",
1012,"r93332","Jeff Buckley",
1013,"r87339","B.o.B",
1014,"r84931","Crosby, Stills & Nash",
1015,"r2064799","The Beatles Tribute Project",
1016,"r85840","War",
1017,"r632360","Rejected Youth",
1018,"r87082","Adam Sandler",
1019,"r143883","Kylie Minogue",
1020,"r67485","Keith Sweat",
1021,"r3000","Gossip",
1022,"r342","Aesop Rock",
1023,"r120742","Celine Dion",
1024,"r70937","Ammoncontact",
1025,"r16839","James",
1026,"r226334","Christophe Rousset",
1027,"r318629","Bombay Bicycle Club",
1028,"r145819","Jurassic 5",
1029,"r24857","Usher",
1030,"r86083","Deftones",
1031,"r85754","Erasure",
1032,"r319519","Long Beach Dub Allstars",
1033,"r6361","Elvis Presley",
1034,"r1507100","Cansei de Ser Sexy",
1035,"r85559","Missy Higgins",
1036,"r74849","Thievery Corporation",
1037,"r321330","Kashmir",
1038,"r167123","Artifacts",
1039,"r171088","Syd Barrett",
1040,"r4690","Felix Cartal",
1041,"r7288","Gabriel Kahane",
1042,"r45134","Battles",
1043,"r2445215","Jon Lajoie",
1044,"r88254","Bon Iver",
1045,"r326769","Lisa Lisa & Cult Jam",
1046,"r24289","Jedi Mind Tricks",
1047,"r353803","The Yellow Subs",
1048,"r134755","Frightened Rabbit",
1049,"r89255","Black Stone Cherry",
1050,"r379004","Tord Gustavsen Trio",
1051,"r502502","The American Dollar",
1052,"r79082","Joan Manuel Serrat",
1053,"r1546","Lee Morgan",
1054,"r73904","Hella",
1055,"r80028","Cex",
1056,"r190649","DJ Krush",
1057,"r87349","Dirty Projectors",
1058,"r229848","Auf Der Maur",
1059,"r209973","The Move",
1060,"r2328","The Raveonettes",
1061,"r12648","Meshuggah",
1062,"r38037","Petey Pablo",
1063,"r171702","Insane Clown Posse",
1064,"r434985","Acid Mothers Temple & The Melting Paraiso U.F.O.",
1065,"r2851","Canyon",
1066,"r143251","Mustard Pimp",
1067,"r282912","Chris August",
1068,"r8932","Cat Stevens",
1069,"r429426","13 & God",
1070,"r431841","65daysofstatic",
1071,"r365100","Bonnie ""Prince"" Billy",
1072,"r173837","Active Child",
1073,"r346883","Come",
1074,"r139355","Beck",
1075,"r391197","Ensiferum",
1076,"r85038","ZZ Top",
1077,"r1810","Cage",
1078,"r89087","Pete Philly & Perquisite",
1079,"r23454","Hurricane",
1080,"r137478","The Knife",
1081,"r24874","Akon",
1082,"r786839","Foster The People",
1083,"r19821","Starflyer 59",
1084,"r90054","Diane Cluck",
1085,"r920279","BröselMaschine",
1086,"r88825","Brian Eno",
1087,"r167344","The Runaways",
1088,"r279985","Keaton Simons",
1089,"r90134","Cornelius",
1090,"r348205","Dog Fashion Disco",
1091,"r432729","Okapi",
1092,"r200432","Marillion",
1093,"r2821063","Cloudkicker",
1094,"r241654","Richard Pryor",
1095,"r875713","Woodkid",
1096,"r140345","Propellerheads",
1097,"r40728","Silverstein",
1098,"r626309","Nguru",
1099,"r5439","Patsy Cline",
1100,"r2427076","Lumiere Brother",
1101,"r66033","2Pac",
1102,"r54213","Delerium",
1103,"r295203","Mary Chapin Carpenter",
1104,"r49304","Oasis",
1105,"r207846","Ozzy Osbourne",
1106,"r100872","Toto",
1107,"r54073","16 Horsepower",
1108,"r977950","Manic Drive",
1109,"r309914","Cut Copy",
1110,"r87552","The Magnetic Fields",
1111,"r23676","Al Green",
1112,"r23296","The Carpenters",
1113,"r4632","Company Flow",
1114,"r252788","Young Money",
1115,"r176017","Corbin Bleu",
1116,"r213312","The Verve",
1117,"r432212","Anathallo",
1118,"r326878","The Strokes",
1119,"r47078","Tricky",
1120,"r141327","Liars",
1121,"r32789","Guilty Simpson",
1122,"r192649","Matt White",
1123,"r183102","Too $hort",
1124,"r714131","Jessie J",
1125,"r73407","Lupe Fiasco",
1126,"r48320","Terri Clark",
1127,"r207175","Joe Nichols",
1128,"r2074675","Red Stars Theory",
1129,"r82624","Joni Mitchell",
1130,"r752","Tears For Fears",
1131,"r22956","Lily Allen",
1132,"r502145","The Lions",
1133,"r227","McCoy Tyner",
1134,"r89616","Robert Ashley",
1135,"r169310","Hannibal Buress",
1136,"r3420","Todd Rundgren",
1137,"r374386","Die Antwoord",
1138,"r87980","Tally Hall",
1139,"r9932","Tex Ritter",
1140,"r484099","Del Close & John Brent",
1141,"r5801","The John Coltrane Quartet",
1142,"r117","Gene Autry",
1143,"r109136","Bill Monroe",
1144,"r1002499","Dyke & The Blazers",
1145,"r76350","Latimore",
1146,"r34401","Ghostface",
1147,"r2912","The Walkmen",
1148,"r13015","Passion Pit",
1149,"r170349","Jason Robert Brown",
1150,"r86347","Crosby, Stills, Nash And Young",
1151,"r25472","Nelly",
1152,"r302633","The J.B.'s",
1153,"r529773","Pickin' On Series",
1154,"r19786","The Chemical Brothers",
1155,"r24759","Paul McCartney",
1156,"r3857491","Woods",
1157,"r307887","Chuck D.",
1158,"r14396","Gene Ammons",
1159,"r48617","Desmond Dekker",
1160,"r22850","Great Lake Swimmers",
1161,"r87576","Heart",
1162,"r179560","Mayer Hawthorne",
1163,"r1487222","Jerry Garcia, Merl Saunders, John Kahn, Bill Vitt",
1164,"r179837","Bruce Haack",
1165,"r3491437","7 Days Of Funk",
1166,"r564422","Rueben Wilson, Garnett Brown, Melvin Sparks, Bob Cranshaw, Ray Armando, Mi",
1167,"r720195","Chelsea Wolfe",
1168,"r92771","LCD Soundsystem",
1169,"r153664","Earth, Wind & Fire",
1170,"r401908","Hecq",
1171,"r1342263","Childish Gambino",
1172,"r173317","Cypress Hill",
1173,"r87514","En Vogue",
1174,"r179604","Sound Directions",
1175,"r2351527","Guilty Simpson, Apollo Brown",
1176,"r836779","The Robot Ate Me",
1177,"r833963","Minamina Goodsong",
1178,"r78909","Dudley Perkins",
1179,"r84","Dizzy Gillespie",
1180,"r92854","U2",
1181,"r453414","Elisabeth Söderström, Vladimir Ashkenazy",
1182,"r80869","Madeleine Peyroux",
1183,"r633","Hubert Laws",
1184,"r84800","Grateful Dead",
1185,"r20461","Tom Scott",
1186,"r8195","Peter, Paul and Mary",
1187,"r112354","Sam Cooke",
1188,"r392965","Talib Kweli, Hi-Tek",
1189,"r72305","Bob James",
1190,"r229139","The Abyssinians",
1191,"r35606","K-Otix",
1192,"r1936965","Quakers",
1193,"r174640","Johnny ""Hammond"" Smith",
1194,"r2148431","Red Tail Ring",
1195,"r4754","Herbie Hancock",
1196,"r337406","Starcastle",
1197,"r661409","Asheru and Blue Black of The Unspoken Heard",
1198,"r906877","New York Jazz Lounge",
1199,"r168992","Ralph Marterie",
360,"r15183","Royce Da 5'9""","AR2EDEM1187FB573B1"
373,"r8009","Crazy Frog","ARIYE2G1187B9AE170"
387,"r547202","The Dismemberment Plan","AR8FAQM1187B9B98C0"
401,"r1429573","Sunhouse","ARUGKCS1187B98B8DD"
1204,"r161626","Sharon Brown",
1205,"r85957","Third Eye Blind",
1206,"r530594","The Soft Boys",
1207,"r179714","Jaylib",
1208,"r170642","Madlib",
1209,"r88792","Stereolab",
415,"r374417","Stalley","ARNWNCD1274363C479"
427,"r89130","Sam Phillips","ARSXDKG1187FB41505"
440,"r430238","WHY?","AR0B3RS1187FB48F5D"
453,"r1937","Kris Delmhorst","ARTLPS31187B9A7B95"
466,"r1959617","Lee Bains III & The Glory Fires","ARHYLLE13704F0980D"
481,"r18318","Boris","AR264J61187B98C8BB"
1,"r32850","Roc Marciano","ARGCOVG1269FB32D13"
2,"r304723","Drive-By Truckers","AROMCEV1187B9B3F58"
5,"r57665","Action Bronson","ARITVFG1269FB34AF1"
8,"r4399355","Hannah Diamond","ARSLONS149E56B9358"
12,"r3717263","Perfect Pussy","ARMKIJV14385F9E78C"
15,"r216699","Massive Attack","ARNF13I1187FB562A5"
19,"r257487","Follies","ARMWNGP1269FCD8ED4"
296,"r143512","Cee-Lo","ARR8A0N1187B9A255D"
308,"r139012","Hoobastank","ARDAHWH1187FB4B0E7"
22,"r1067948","Big Lazy",
24,"r2459","The Delfonics",
25,"r88383","Betty Wright",
26,"r125320","Quasimoto",
27,"r34647","Crooked Fingers",
28,"r36","El-P",
29,"r1170544","Hozier",
30,"r60779","Busdriver",
32,"r120496","Gravenhurst",
33,"r9006","Charles Mingus",
34,"r91318","Radiohead",
35,"r30642","Art Garfunkel",
36,"r57643","Alicia Keys",
37,"r61038","Teitur",
38,"r429898","Boom Bip",
39,"r432183","Great Northern",
40,"r87726","Popol Vuh",
42,"r71043","Gang Starr",
43,"r215443","Bachman-Turner Overdrive",
44,"r111700","The Roots",
45,"r85978","Regina Spektor",
46,"r143220","The Avalanches",
47,"r184641","Emiliana Torrini",
49,"r155433","Editors",
50,"r261258","The Devin Townsend Band",
51,"r275282","Five Finger Death Punch",
52,"r367575","Steel Magnolia",
53,"r420373","Julia Stone",
55,"r238527","Aphex Twin",
56,"r171461","Simian Mobile Disco",
57,"r4638924","Sissy Spacek",
58,"r48412","Kraftwerk",
59,"r61463","Karl Blau",
61,"r515928","Celso Sim & Arthur Nestrovski",
62,"r562323","Young the Giant",
63,"r164733","Scorpions",
64,"r84970","Buckcherry",
65,"r26147","Pungent Stench",
66,"r139534","Nine Inch Nails",
67,"r248833","School Of Fish",
68,"r3024","Us3",
70,"r259016","Eminem",
71,"r97289","Mike Watt",
72,"r85620","Buffalo Springfield",
73,"r134796","Alcatraz",
74,"r1992","Young Jeezy",
75,"r93801","Rihanna",
77,"r114492","Alpha",
78,"r45673","Beyoncé",
79,"r142762","Toni Braxton",
80,"r243003","Scary Kids Scaring Kids",
81,"r8816","The Wanted",
83,"r26127","Ghostface Killah",
84,"r11513","Beirut",
85,"r23613","The Animals",
86,"r11714","Smoma",
87,"r4306","Theatre Of Tragedy",
88,"r1520400","Andromeda Mega Express Orchestra",
89,"r87150","Jamie Cullum",
90,"r890011","The Stepkids",
91,"r1075919","Caged Animals",
92,"r800097","Cults",
94,"r379832","The xx",
95,"r282468","The Lemonheads",
96,"r237224","Aston",
97,"r146858","Street Military",
98,"r76919","Sting",
99,"r352355","ANOREXIA NERVOSA",
100,"r369717","Säkert!",
101,"r194796","Don Robertson",
102,"r14938","The Champs",
104,"r88974","Parts & Labor",
105,"r285319","The Avett Brothers",
106,"r180221","CocoRosie",
107,"r9617","My Dying Bride",
108,"r72340","Blackalicious",
109,"r140644","Duran Duran",
111,"r236456","Duncan James",
112,"r6849","The Grass Roots",
113,"r86283","Assemblage 23",
114,"r20424","Mos Def",
115,"r1485367","Stakka Bo",
116,"r2064645","Faded Paper Figures",
117,"r327090","Savage Garden",
118,"r6707","The Moody Blues",
119,"r240218","Dar Williams",
120,"r36396","Tangerine Dream",
122,"r49021","They Might Be Giants",
123,"r28834","MF DOOM",
124,"r88292","The Kills",
125,"r19087","Hurricane Chris",
126,"r33517","Lil Wayne",
127,"r112035","Griffin House",
129,"r184582","Sparks",
130,"r302993","The New York Dolls",
131,"r289044","Disfunction-Ill",
132,"r2246115","Public Image Ltd.",
133,"r86735","Sage Francis",
135,"r214703","Paul Stanley",
136,"r295821","Bobby Brown",
137,"r259954","Liberty x",
138,"r41440","Ludacris",
139,"r170799","The Fiery Furnaces",
141,"r177501","Desultory",
142,"r86122","Black Dice",
143,"r85549","Renaissance",
147,"r155429","Thom Yorke",
148,"r139884","UB40",
149,"r66944","Dr. Octagon",
151,"r34888","No Use For A Name",
152,"r168294","TV On The Radio",
153,"r321238","City High",
154,"r261510","Ellie Goulding",
155,"r85493","Natalie Cole",
156,"r87422","Animal Collective",
157,"r236461","The Chariot",
158,"r111945","Mat Kearney",
160,"r37716","Big L",
161,"r282415","Ida Maria",
162,"r15414","Carole King",
164,"r15462","Mates of State",
165,"r3239","Kevin Ayers",
166,"r37970","Chris Brown",
167,"r7429","The Marshall Tucker Band",
168,"r710","Tom Jones",
169,"r942","Waylon Jennings",
170,"r396950","The UMC's",
171,"r26688","Gucci Mane",
172,"r192978","Civil Twilight",
173,"r35214","Don McLean",
174,"r47727","Thunder",
176,"r38396","Saigon",
177,"r11845","Teddy Pendergrass",
178,"r63860","Lisa Shaw",
179,"r25426","Musiq Soulchild",
180,"r479837","Pharrell Williams",
182,"r480228","Me First And The Gimme Gimmes",
183,"r160528","Moonface",
184,"r6114","Mr. Lif",
185,"r48259","Common",
186,"r11706","A Silent Film",
187,"r32000","Sean Paul",
188,"r85987","Black Sabbath",
189,"r85681","NEEDTOBREATHE",
190,"r16648","Canibus",
192,"r115530","Jimi Hendrix",
193,"r89035","Ponytail",
194,"r499152","Radion 6",
195,"r2511","Neutral Milk Hotel",
196,"r119016","Slam",
197,"r18609","Timmy Thomas",
199,"r271237","Sugarland",
200,"r89875","Danny Elfman",
201,"r51839","Shpongle",
202,"r55542","Brother Bones & His Shadows",
203,"r86908","The National",
204,"r326778","Glee Cast",
205,"r38404","Esham",
207,"r2121058","Aquarium Rescue Unit",
208,"r88020","Basement Jaxx",
209,"r60482","Mike Patton",
210,"r812446","Sophie Hunger",
211,"r24850","T.I.",
212,"r260409","TLC",
213,"r114455","Lorn",
214,"r2791","Wizard",
215,"r120441","Mercury Rev",
217,"r520954","Alice Gomez",
218,"r63363","Dianne Reeves",
219,"r341916","Kingston Wall",
220,"r138736","Turin Brakes",
221,"r290567","764-Hero",
222,"r154917","Brad Paisley",
224,"r183003","Haste The Day",
225,"r94649","Uriah Heep",
226,"r176879","The Cheetah Girls",
227,"r433860","Lightning Bolt",
228,"r240217","The Dynospectrum",
229,"r283623","Spin Doctors",
230,"r64430","Keane",
232,"r1469835","The Silent Comedy",
233,"r120906","Tokyo Police Club",
234,"r90136","Inna",
235,"r170684","Prefuse 73",
237,"r713616","Chelan",
238,"r224641","Nouvelle Vague",
239,"r38833","UFO",
240,"r89082","Flogging Molly",
241,"r140439","Crystal Castles",
242,"r85565","Led Zeppelin",
243,"r411923","BONNIE PINK",
245,"r223390","BAP",
246,"r87202","Within Temptation",
247,"r88661","Adina Howard",
248,"r243426","Little Dragon",
250,"r814420","The Knife in collaboration with Mt. Sims and Planningtorock",
251,"r79557","Cassidy",
252,"r188276","Caesars",
253,"r126739","Moloko",
254,"r23944","Razed In Black",
255,"r439542","Mucho Macho",
256,"r5548","Utopia",
257,"r84958","Van Halen",
259,"r38133","Amanda Palmer",
260,"r700678","SumKid Majere",
261,"r63557","Jens Lekman",
262,"r138991","David Ford",
263,"r26795","David Cross",
265,"r91280","Spoon",
266,"r13861","Chris de Burgh",
267,"r430262","Baths",
268,"r18016","Sun Ra",
269,"r84914","The Cars",
270,"r89765","Nirvana",
271,"r80158","Big Tone",
272,"r26195","Raekwon",
273,"r14147","J-Live",
23,"r3978347","Michael Bellar & the AS-IS Ensemble",
31,"r248642","Elvis Costello & The Attractions",
41,"r234733","Eddie Izzard",
48,"r336305","The Cult",
54,"r7709","Curtis Mayfield",
60,"r347542","Teeth Of Lions Rule The Divine",
69,"r295776","She Wants Revenge",
76,"r213473","Iron Maiden",
82,"r172","The Jon Spencer Blues Explosion",
93,"r236510","Tom Petty and the Heartbreakers",
103,"r401044","Unwound",
110,"r24260","Kool G Rap",
121,"r88499","Wax Poetic",
128,"r94624","John Hiatt",
134,"r108036","Angélique Kidjo",
140,"r433076","The Wailin' Jennys",
144,"r31534","Nightmares on Wax",
146,"r72296","Slum Village",
150,"r162386","The Allman Brothers Band",
159,"r834729","Current 93",
163,"r320889","The Airborne Toxic Event",
175,"r215366","Steve Miller Band",
181,"r85922","My Chemical Romance",
191,"r21141","Brazilian Tropical Orchestra",
198,"r92366","Clap Your Hands Say Yeah",
206,"r90070","A Static Lullaby",
216,"r34850","Prince",
223,"r1129882","Gonjasufi",
231,"r311065","Ratatat",
236,"r90079","Bedouin Soundclash",
244,"r310534","Ismaël Lo",
249,"r25376","Shiny Toy Guns",
258,"r804470","Spacek",
264,"r191105","Barry Manilow",
292,"r17439","Dave Brubeck","AR1QF001187B9B2B9F"
294,"r1446482","Fatima Al Qadiri","ARIDZDZ133B3F137DD"
295,"r143482","Rappin' 4-Tay","ARTFKUQ11F4C843012"
297,"r4836","Wednesday 13","ARUZLXZ1187FB3BFF1"
298,"r92629","Sleater-Kinney","ARWKFPM1187FB4E712"
300,"r243114","The Mighty Mighty Bosstones","AR2SMD91187B9B0582"
301,"r139866","311","ARDRXUM1187FB4D131"
303,"r326012","Ryan Adams & The Cardinals","ARGHBVV1187FB4D57A"
304,"r42645","Shabazz Palaces","ARHYOMK1241B9CC92D"
306,"r352450","Reggie And The Full Effect","ARJF0OK1187FB51ECE"
307,"r398048","310","AR6ZCM11187B9B7084"
309,"r365083","Pavement","ARVFF0Y1187B9AC3CA"
299,"r203806","Shawn McDonald","ARDQK7V1187B9A24F3"
364,"r1145495","User","AR20JH81187B996528"
376,"r888648","Captain Hollywood Project","AR19JS91187B98CB66"
392,"r240855","Danko Jones","ARK9A3Y1187FB4C02B"
404,"r168289","The Ready Set","ARJOO2211A348F04DA"
418,"r243200","Ricky Martin","AR2FSX31187B98E3EF"
430,"r3563","Ella Fitzgerald","ARIJE1A1187B9A458D"
442,"r838647","A Hawk And A Hacksaw","ARLSWXA1187B98E534"
457,"r8911","Joe Jackson","ARQZZ8L1187B98E2F6"
470,"r93706","The Moldy Peaches","ARYY90F1187FB39ED9"
484,"r393234","Junk Culture","ARRWFFC12406A89C2E"
